united states: ['unitedstate', 'united states']
bill clinton: ['billclinton', 'bill clinton']
senator: ['senator', 'senate']
hillary clinton: ['hillaryclinton', 'hilary clinton', 'hillary clinton']
john kerry: ['john kerry', 'johnkerry']
rhode island: ['rhode island', 'rhodeisland']
barrack obama: ['barackobama', 'barrack obama', 'barack obama', 'barak obama', 'barrak obama']
juan mccain: ['juan mccain', 'john mccain', 'johnmccain']
west virginia: ['west virgina', 'westvirginia', 'west virginia']
peter jenning: ['peterjenning', 'peter jenning']
ronald reagan: ['ronald reagan', 'ronaldreagan']
george bush: ['georgebush', 'george bush', 'georgewbush']
serbium: ['serbia', 'serbium']
kossovo: ['kosova', 'kossovo']
rudy giuliani: ['rudygiuliani', 'rudy giuliani']
yisrael: ['yisrael', 'isreal', 'israel']
vice president: ['vicepresident', 'vice president']
monica lewinsky: ['monicalewinsky', 'monica lewinsky']
democratic: ['democrat', 'democracy', 'democratic']
animal right: ['animalright', 'animal right']
jesse jackson: ['jesse jackson', 'jessejackson']
pm: ['pm', 'be']
somalia: ['somali', 'somalia']
rwandan: ['rwanda', 'rwandan', 'uganda']
malaysian: ['malaysia', 'malaysian']
south carolina: ['south carolina', 'southcarolina']
afghani: ['afghani', 'afghan']
afghanistan: ['afganistan', 'afghanistan']
robert rubin: ['robert rubin', 'robertrubin']
haitian: ['haiti', 'haitian']
janet reno: ['janetreno', 'janet reno']
al quaeda: ['al qaida', 'alqaeda', 'al quaeda', 'al qaeda']
john edwards: ['johnedward', 'john edwards']
tennessee: ['tennessee', 'tennesee']
new jersey: ['new jersey', 'newjersey']
viet nam: ['viet nam', 'vietnam']
richard nixon: ['richardnixon', 'richard nixon']
cuban: ['cuban', 'cuba']
gibraltar: ['gibraltar', 'gibralter']
south vietnam: ['southvietnam', 'south vietnam']
catholocism: ['catholocism', 'catholicism']
british columbia: ['british columbia', 'britishcolumbia']
denny hamlin: ['dennyhamlin', 'denny hamlin']
rupert murdoch: ['rupertmurdoch', 'rupert murdoch']
saudi arabia: ['saudi arabia', 'saudiarabia']
robert gate: ['robertgate', 'robert gate']
chilean: ['chile', 'chilean']
vlad iii: ['vladiii', 'vlad iii']
rumania: ['rumania', 'romania']
brad pitt: ['brad pitt', 'bradpitt']
massachusett: ['massachuset', 'massachusett']
michael moore: ['michaelmoore', 'michael moore']
william wallace: ['williamwallace', 'william wallace']
george wallace: ['george wallace', 'georgewallace']
lung cancer: ['lungcancer', 'lung cancer']
sonar: ['sonar', 'nar']
john peel: ['johnpeel', 'john peel']
vlad dracul: ['vlad dracul', 'vladdracul']
south korea: ['southkorea', 'south korea']
nikola tesla: ['nikola tesla', 'nikolatesla']
david bowie: ['davidbowie', 'david bowie']
dwight yoakam: ['dwightyoakam', 'dwight yoakam']
pizza hut: ['pizzahut', 'pizza hut']
christmas eve: ['christmaseve', 'christmas eve']
freemasonry: ['freemason', 'freemasonry']
easter sunday: ['eastersunday', 'easter sunday']
imam hussein: ['imam husayn', 'imam hussein', 'imam hussain']
shia islam: ['shia islam', 'shi islam']
shiism: ['shiism', 'shiite']
salafist: ['salafist', 'salafi', 'salafism']
sufism: ['sufi', 'sufism', 'sufis']
judaism: ['judaism', 'judiasm']
zionist: ['zionist', 'zionism']
minn: ['mn', 'minn']
bill cosby: ['bill cosby', 'billcosby']
warren buffett: ['warren buffet', 'warren buffett']
mississippi: ['mississippi', 'mississipi']
new brunswick: ['newbrunswick', 'new brunswick']
fallof: ['fallof', 'fall']
fort myer: ['fortmyer', 'fort myer']
champ car: ['champcar', 'champ car']
neil armstrong: ['neilarmstrong', 'neil armstrong']
john carmack: ['john carmack', 'johncarmack']
frank capra: ['frankcapra', 'frank capra']
james monroe: ['jamesmonroe', 'james monroe']
delta air line: ['delta air line', 'delta airline']
iowa state: ['iowastate', 'iowa state']
gulf breeze: ['gulf breeze', 'gulfbreeze']
marilyn monroe: ['marilyn monroe', 'marilynmonroe']
horace greeley: ['horace greeley', 'horacegreeley']
phoenix sun: ['phoenixsun', 'phoenix sun']
holdencaulfield: ['holdencaulfield', 'holden caufield']
robbie burn: ['robbie burn', 'rabbie burn']
jason calacanis: ['jason calcanis', 'jason calacanis']
east germany: ['east german', 'east germany']
gethsemane: ['gethsemane', 'gethsemani']
tucson: ['tucson', 'tuscon']
disney world: ['disneyworld', 'disney world']
hillary swank: ['hillary swank', 'hilary swank']
ancyra: ['ancyra', 'ankara']
othman: ['othman', 'uthman']
mohame: ['muham', 'mohame']
marxism: ['maoist', 'maoism', 'marxism', 'marxist']
parvathi: ['parvathi', 'parvatus']
mallorca: ['mallorca', 'majorca']
microsoft corp: ['microsoft corp', 'microsoft word']
open office: ['open office', 'openoffice']
reikus: ['reikus', 'reiki']
adolph hitler: ['adolph hitler', 'adolf hitler']
montenegrin: ['montenegro', 'montenegrin']
hong kong: ['hongkong', 'hong kong']
south eastern europe: ['southeastern europe', 'south eastern europe']
south east europe: ['south east europe', 'southeast europe']
vicoden: ['vicoden', 'vicodin']
gray wolf: ['gray wolf', 'grey wolf']
pashto: ['pashto', 'pashtu']
britney spears: ['britney spear', 'britney spears']
roaccutane: ['accutane', 'roaccutane']
jagannatha: ['jagannatha', 'jagannath']
shri krishna: ['shri krishna', 'sri krishna']
tibetan buddhist: ['tibetan buddhist', 'tibetan buddhism']
sarkozy: ['sarko', 'sarkozy']
news corp: ['news corp', 'newscorp']
bin laden: ['bin laden', 'bin ladin']
osama bin ladin: ['osama bin ladin', 'osama bin laden', 'usama bin laden']
condoleezza rice: ['condoleeza rice', 'condoleezza rice', 'condolezza rice']
erik satie: ['erik satie', 'eric satie']
belgian: ['belgian', 'belgium']
paralympian: ['paralympic', 'paralympian']
galilee: ['galilee', 'galilea']
satanism: ['satanism', 'satanic']
hinduism: ['hindus', 'hinduism']
aaron copeland: ['aaron copeland', 'aaron copland']
kiev: ['kiev', 'kyiv']
usa today: ['usatoday', 'usa today']
tamil nadu: ['tamil nadu', 'tamilnadu']
teheran: ['teheran', 'tehran']
pata: ['ata', 'pata']
ogham: ['ogham', 'ogam']
ju jitsu: ['ju jitsu', 'jujutsu']
bir zeit: ['bir zeit', 'birzeit']
black american: ['black america', 'black american']
jet blue: ['jetblue', 'jet blue']
google mail: ['google mail', 'google map']
google sync: ['google sync', 'google inc']
google health: ['google earth', 'google health']
al biruni: ['al biruni', 'alberuni']
isaan: ['isan', 'isaan']
nazism: ['nazism', 'nazi']
dhhs: ['hhs', 'dhhs']
cfid: ['cfs', 'cfid']
homero: ['homer', 'homero']
joseph stalin: ['joseph stalin', 'josef stalin', 'joe stalin']
collin powell: ['collin powell', 'colin powell']
yemenis: ['yeman', 'yemeni', 'yemenis']
karbala: ['karbala', 'kerbala']
miletus: ['miletus', 'miletos']
arnold schwarzenegger: ['arnold schwarzenegger', 'arnold schwarzeneggar']
ernest hemmingway: ['ernest hemingway', 'ernest hemmingway']
marrakesh: ['marrakesh', 'marrakech']
acheh: ['aceh', 'acheh']
java script: ['java script', 'javascript']
hizballah: ['hizballah', 'hizbollah', 'hezbullah', 'hizbullah', 'hezbollah']
nuremburg: ['nuremburg', 'nuremberg']
hastinapura: ['hastinapura', 'hastinapur']
tajiks: ['tajiks', 'tajik']
shakyamuni: ['sakyamuni', 'shakyamuni']
shakyamuni buddha: ['shakyamuni buddha', 'sakyamuni buddha']
gautama buddha: ['gautam buddha', 'gautama buddha']
che guevara: ['che guevara', 'che guevera']
makkah: ['makka', 'makkah']
djakarta: ['djakarta', 'jakarta']
halle barry: ['halle barry', 'halle berry']
tahitian: ['tahiti', 'tahitian']
gaddafi: ['gaddafi', 'qaddafi']
ya akov: ['yaakov', 'ya akov']
beersheba: ['beersheba', 'beersheva']
ishmael: ['ishmael', 'ismael']
leonardo da vinci: ['leonardo davinci', 'leonardo da vinci']
michaelangelo: ['michelangelo', 'michaelangelo']
yehovah: ['yehovah', 'jehovah']
yahweh: ['yahweh', 'yahveh']
nigerians: ['nigerian', 'nigeria', 'nigerians']
islamist: ['islamist', 'islamism']
seattlest: ['seattle', 'seattlest']
mac osx: ['mac osx', 'mac os']
nicole ritchie: ['nicole richie', 'nicole ritchie']
daoism: ['daoism', 'taoist', 'taoism']
lao tzu: ['laozi', 'lao zi', 'lao tzu', 'lao tze', 'lao tse']
calvinism: ['calvinism', 'calvinist']
vienna: ['vienna', 'viena']
neopet: ['neopet', 'neopia']
communist: ['communist', 'communism']
brugge: ['brugge', 'bruge']
colin farrell: ['colin farrell', 'colin farrel']
thomas edison: ['thomas edison', 'thoma edison']
dassault systeme: ['dassault systeme', 'dassault system']
babylonian: ['babylonia', 'babylonian']
ashoka: ['ashoka', 'asoka']
magadha: ['magadh', 'magadha']
midyan: ['midyan', 'midian']
koran: ['koran', 'quran']
bilaam: ['bilaam', 'balaam']
ramess iii: ['ramess iii', 'ramse iii']
ahmadinejad: ['ahmadinejad', 'ahmadenijad']
wal mart: ['walmart', 'wal mart']
exxon mobil: ['exxonmobil', 'exxon mobil']
nvidium: ['nvidium', 'nvidia']
courteney cox: ['courtney cox', 'courteney cox']
brett farve: ['bret favre', 'brett farve', 'brett favre']
disney land: ['disney land', 'disneyland']
jp morgan chase: ['jpmorgan chase', 'jp morgan chase']
milano: ['milan', 'milano']
katharine hepburn: ['katharine hepburn', 'katherine hepburn']
hillary duff: ['hillary duff', 'hilary duff']
ethiopian: ['ethiopian', 'ethiopia']
cate blanchette: ['cate blanchett', 'cate blanchette', 'kate blanchett']
billy ray cyrus: ['billy ray cyrus', 'miley ray cyrus']
terri hatcher: ['teri hatcher', 'terri hatcher']
tattooine: ['tattooine', 'tatooine']
open document format: ['open document format', 'opendocument format']
indo china: ['indo china', 'indochina']
tchad: ['tchad', 'chad']
lukashenko: ['lukashenko', 'lukashenka']
madinah: ['medina', 'madinah']
nephthys: ['nepthys', 'nephthys']
armenian: ['armenian', 'armenia']
philippine: ['philippine', 'phillipine']
astra zeneca: ['astrazeneca', 'astra zeneca']
bourgas: ['burgas', 'bourgas']
bangalore: ['bangalore', 'bangaluru', 'bengaluru']
information week: ['informationweek', 'information week']
vrindavan: ['vrindavan', 'vrndavana', 'brindavan', 'brindaban']
robert de niro: ['robert de niro', 'robert deniro']
open social: ['open social', 'opensocial']
star office: ['staroffice', 'star office']
cracow: ['cracow', 'krakow']
david sifry: ['dave sifry', 'david sifry']
amber fort: ['amer fort', 'amber fort']
burgandy: ['burgandy', 'burgundy']
mashiach: ['mashiach', 'moshiach']
george frederick handel: ['george frederic handel', 'george frederick handel', 'george frideric handel']
ostg: ['ostg', 'osdn']
dionysus: ['dionysus', 'dionysos']
rafiq hariri: ['rafiq hariri', 'rafik hariri']
benjamin netanyahu: ['benjamin netanyahu', 'binyamin netanyahu']
fijian: ['fiji', 'fijian']
hanoi: ['noi', 'hanoi']
garrison keillor: ['garrison keilor', 'garrison keillor']
taimur: ['timur', 'taimur']
cincinattus: ['cincinattus', 'cincinnatus']
mongolium: ['mongolium', 'mongolian']
benare: ['benare', 'banara']
kangchenjunga: ['kangchenjunga', 'kanchenjunga']
leonardo di caprio: ['leonardo dicaprio', 'leonardo di caprio']
billie joe: ['billy joe', 'billie joe']
chevron texaco: ['chevrontexaco', 'chevron texaco']
starbucks: ['starbuck', 'starbucks']
portugual: ['portugal', 'portugual']
cape town: ['capetown', 'cape town']
karabagh: ['karabagh', 'karabakh']
chiang kai shek: ['chiang kai shek', 'chiang kaishek']
manichaeism: ['manichaeism', 'manicheism']
madeleine albright: ['madeline albright', 'madeleine albright']
labour day: ['labor day', 'labour day']
dwi: ['dwi', 'dui']
rangoon: ['rangoon', 'yangon']
himalayas: ['himalaya', 'himalayas']
yoko: ['yoko', 'ono']
melchisedec: ['melchisedec', 'melchizedek']
jennifer anniston: ['jennifer aniston', 'jennifer anniston']
massoud: ['massoud', 'masood']
mother theresa: ['mother theresa', 'mother teresa']
liv ullmann: ['liv ullman', 'liv ullmann']
deutsche telecom: ['deutsche telecom', 'deutsche telekom']
wahhabism: ['wahabism', 'wahhabism', 'wahhabi']
heather mac donald: ['heather macdonald', 'heather mac donald']
teddy kennedy: ['ted kennedy', 'teddy kennedy']
pinot bianco: ['pinot bianco', 'pinot blanc']
koenigsberg: ['koenigsberg', 'konigsberg']
lynne cheney: ['lynn cheney', 'lynne cheney']
yitzchak rabin: ['yitzhak rabin', 'yitzchak rabin']
ssris: ['ssris', 'ssri']
sky team: ['sky team', 'skyteam']
ebeneezer scrooge: ['ebeneezer scrooge', 'ebenezer scrooge']
edgar allen poe: ['edgar allen poe', 'edgar allan poe']
kabballah: ['kabballah', 'kabbalah']
banara hindu university: ['banara hindu university', 'benara hindu university']
red hat: ['redhat', 'red hat']
atheist: ['atheist', 'atheism']
angolan: ['angola', 'angolan']
maha shivaratri: ['maha shivaratri', 'mahashivaratri']
window medium center: ['window medium center', 'window medium centre']
khrushchev: ['khruschev', 'khrushchev']
eugene cernan: ['eugene cernan', 'gene cernan']
search engine optimisation: ['search engine optimisation', 'search engine optimization']
jeannette rankin: ['jeannette rankin', 'jeanette rankin']
karttikeya: ['kartikeya', 'karttikeya']
genova: ['genova', 'genoa']
perga: ['perga', 'perge']
ryan phillippe: ['ryan philippe', 'ryan phillippe']
usps: ['up', 'usps']
dan quayle: ['dan quayle', 'dan quail']
ashkenazic jews: ['ashkenazic jews', 'ashkenazi jews']
ashkenazim: ['ashkenazim', 'ashkenazi']
panaji: ['panaji', 'panjim']
bobby fischer: ['bobby fischer', 'bobby fisher']
mahavira: ['mahavir', 'mahavira']
fallujah: ['fallujah', 'falluja']
yudhishthira: ['yudhisthira', 'yudhishtira', 'yudhishthira']
dmso: ['dmso', 'msm']
lvov: ['lvov', 'lwow', 'lviv']
esol: ['esl', 'esol']
meerabai: ['meerabai', 'mirabai']
gerasa: ['gerasa', 'jerash']
hawaii: ['hawaii', 'hawai']
septimius severus: ['septimus severus', 'septimius severus']
kefallonia: ['kefalonia', 'kefallonia']
kaladi: ['kaladi', 'kalady']
shankara: ['sankara', 'shankara']
ryan air: ['ryanair', 'ryan air']
julius caesar: ['julius caesar', 'julius caeser']
asshur: ['asshur', 'ashur']
blue ray: ['blu ray', 'blue ray']
tsvangiraus: ['tsvangiraus', 'tsvangirai']
strassburg: ['strassburg', 'strasbourg']
boadicea: ['boudica', 'boadicea', 'boudicca']
frederick douglass: ['frederick dougla', 'frederick douglass']
eid ul fitr: ['eid ul fitr', 'id ul fitr', 'eid al fitr']
nickleback: ['nickleback', 'nickelback']
nicholas cage: ['nicolas cage', 'nicholas cage']
gorbachev: ['gorbachev', 'gorbachov']
napolean dynamite: ['napolean dynamite', 'napoleon dynamite']
rosh hashanah: ['rosh hashana', 'rosh hashanah']
tuina: ['tui', 'tuina']
lexis nexis: ['lexis nexis', 'lexisnexis']
cspan: ['cspan', 'span']
sacha baron cohen: ['sacha baron cohen', 'sasha baron cohen']
thomas dorsey: ['thomas dorsey', 'thoma dorsey']
moldovia: ['moldovia', 'moldavia']
sacajawea: ['sacajawea', 'sacagawea']
sugreeva: ['sugreeva', 'sugriva']
yekaterinburg: ['yekaterinburg', 'ekaterinburg']
maoris: ['maori', 'maoris']
bastet: ['bastet', 'bast']
ccg: ['ccg', 'tcg']
schiphol airport: ['schipol airport', 'schiphol airport']
babur: ['babur', 'baber']
rahm emmanuel: ['rahm emmanuel', 'rahm emanuel']
hannover: ['hanover', 'hannover']
nashik: ['nasik', 'nashik']
sikhs: ['sikhs', 'sikh']
hai phong: ['haiphong', 'hai phong']
channukah: ['hanukkah', 'channukah', 'chanuka', 'hanukah']
shabbat: ['shabbat', 'shabbos']
muqtada al sadr: ['muqtada al sadr', 'moqtada al sadr']
kaoshiung: ['kaoshiung', 'kaohsiung']
kwan yin: ['kwan yin', 'quan yin', 'kuan yin']
melanesian: ['melanesian', 'melanesia']
dasharatha: ['dasaratha', 'dasharatha']
neal stephenson: ['neal stephenson', 'neil stephenson']
mordechai: ['mordechai', 'mordecai']
basle: ['basle', 'basel']
vijayawada: ['vijaywada', 'vijayawada']
jeddah: ['jidda', 'jeddah']
bhubaneshwar: ['bhubaneswar', 'bhubaneshwar']
nataraja: ['nataraja', 'nataraj']
sri chaitanya mahaprabhu: ['sri caitanya mahaprabhu', 'sri chaitanya mahaprabhu']
chaitanya mahaprabhu: ['chaitanya mahaprabhu', 'caitanya mahaprabhu']
prahlada: ['prahlada', 'prahlad']
kirkcaldy: ['kirkaldy', 'kirkcaldy']
kether: ['keter', 'kether']
malkhut: ['malkhut', 'malkuth']
maois: ['maois', 'maoi']
nathaniel: ['nathaniel', 'nathanael']
bokhara: ['bokhara', 'bukhara']
vasant panchami: ['vasant panchami', 'basant panchami']
tutankhaman: ['tutankhaman', 'tutankhamun', 'tutankhaten']
balarama: ['balaram', 'balarama']
phoenician: ['phoenicia', 'phoenician']
harper collin: ['harper collin', 'harpercollin']
ibn khaldoun: ['ibn khaldoun', 'ibn khaldun']
kelsey grammer: ['kelsey grammer', 'kelsey grammar']
hessen: ['hesse', 'hessen']
hdri: ['hdr', 'hdri']
neo nazis: ['neo nazi', 'neo nazis']
eostre: ['eostre', 'eastre']
chicken pox: ['chicken pox', 'chickenpox']
social worker: ['social worker', 'social work']
missy elliott: ['missy elliot', 'missy elliott']
shekhinah: ['shekhinah', 'shekhina']
cerridwen: ['ceridwen', 'cerridwen']
alan arkin: ['alan arkin', 'adam arkin']
nafplion: ['nafplion', 'nafplio']
leyden: ['leyden', 'leiden']
khadijah: ['khadija', 'khadijah']
botticelli: ['botticelli', 'boticelli']
yazoo: ['yaz', 'yazoo']
central american: ['central american', 'central america']
ranthambhore national park: ['ranthambhore national park', 'ranthambore national park']
boot camp: ['bootcamp', 'boot camp']
khalil gibran: ['khalil gibran', 'kahlil gibran']
vraja: ['braj', 'vraja']
nanjing: ['nanjing', 'nanking']
ntfs: ['ntfs', 'ntf']
sharon osbourne: ['sharon osborne', 'sharon osbourne']
hamath: ['hamath', 'hama']
da nang: ['danang', 'da nang']
medicis: ['medici', 'medicis']
cochin: ['kochi', 'cochin']
george whitefield: ['george whitfield', 'george whitefield']
buproprion: ['bupropion', 'buproprion']
nachshon: ['nahshon', 'nachshon']
andalusia: ['andalusia', 'andalucia']
porbander: ['porbander', 'porbandar']
pat benetar: ['pat benetar', 'pat benatar']
zakah: ['zakah', 'zakat']
eretz yisrael: ['eretz yisrael', 'eretz israel']
ganesha: ['ganesh', 'ganesha']
cheiron: ['chiron', 'cheiron']
darpa: ['darpa', 'arpa']
transdniestrium: ['transnistrium', 'transdniestrium']
elizabeth hasselbeck: ['elizabeth hasselbeck', 'elisabeth hasselbeck']
debary: ['bary', 'debary']
halebidu: ['halebid', 'halebidu']
yuyuan: ['yuan', 'yuyuan']
koh samui: ['ko samui', 'koh samui']
johore: ['johore', 'johor']
rafael benitez: ['rafa benitez', 'rafael benitez']
vashisht: ['vashisht', 'vasishta']
batumi: ['batum', 'batumi']
ibn battuta: ['ibn batuta', 'ibn battuta']
xian: ['xi', 'xian']
macau: ['macau', 'macao']
ba gua zhang: ['baguazhang', 'ba gua zhang']
mount blanc: ['mont blanc', 'mount blanc']
bolshevism: ['bolshevik', 'bolshevism']
galileo: ['galileo', 'galilei']
atharva veda: ['atharvaveda', 'atharva veda']
bodh gaya: ['bodh gaya', 'bodhgaya']
dhonus: ['dhonus', 'dhoni']
kasimir: ['kasimir', 'kazimir']
mohini attam: ['mohini attam', 'mohiniyattam']
torun: ['torun', 'thorn']
alor setar: ['alor star', 'alor setar']
